{
    "format_version": "1.10.0",
    "minecraft:client_entity": {
        "description": {
            "identifier": "vl:mm_mr_meat",
            "materials": {
                "default": "zombie"
            },
            "textures": {
                "default": "textures/entity/mm_mr_meat"
            },
            "geometry": {
                "default": "geometry.mm_mr_meat"
            },
            "animations": {
                "walk": "animation.mm_mr_meat.walk",
                "cooldown": "animation.mm_mr_meat.attack",
                "move": "controller.animation.vincelouis.move"
            },
            "scripts": {
                "animate": [
                              {"cooldown": "query.variant == 1"},
                    "move"
                ],
                "pre_animation": [
                    "variable.attack = Math.sin(variable.attack_time * 30.0);"
                ]
            },
            "render_controllers": [
                "controller.render.default"
            ],
			"spawn_egg": {
        "texture": "mr_meat_spawn_egg",
        "texture_index": 0
            }
        }
    }
}
