{
	"format_version": "1.8.0",
	"animations": {
		"animation.mm_mr_meat.walk": {
			"loop": true,
			"animation_length": 0.63333,
			"bones": {
				"head": {
					"rotation": {
						"0.0": [0, 0, 0],
						"0.3167": [0, 0, 0],
						"0.4833": [0, 0, 0],
						"0.6333": [0, 0, 0]
					},
					"position": {
						"0.0": [0, 0, 0],
						"0.3167": [0, 0, 0],
						"0.6333": [0, 0, 0]
					}
				},
				"body": {
					"rotation": {
						"0.0": {
							"post": [0, 0, 0],
							"lerp_mode": "catmullrom"
						},
						"0.1667": {
							"post": [5, 0, 0],
							"lerp_mode": "catmullrom"
						},
						"0.3167": {
							"post": [0, 0, 0],
							"lerp_mode": "catmullrom"
						},
						"0.4833": {
							"post": [5, 0, 0],
							"lerp_mode": "catmullrom"
						},
						"0.6333": {
							"post": [0, 0, 0],
							"lerp_mode": "catmullrom"
						}
					},
					"position": {
						"0.0": {
							"post": [0, 0, 0],
							"lerp_mode": "catmullrom"
						},
						"0.1667": {
							"post": [0, 1, 0],
							"lerp_mode": "catmullrom"
						},
						"0.3167": {
							"post": [0, 0, 0],
							"lerp_mode": "catmullrom"
						},
						"0.4833": {
							"post": [0, 1, 0],
							"lerp_mode": "catmullrom"
						},
						"0.6333": {
							"post": [0, 0, 0],
							"lerp_mode": "catmullrom"
						}
					}
				},
				"rightLeg": {
					"rotation": {
						"0.0": {
							"post": [0, 0, 0],
							"lerp_mode": "catmullrom"
						},
						"0.1667": {
							"post": [-30, 0, 0],
							"lerp_mode": "catmullrom"
						},
						"0.3167": {
							"post": [0, 0, 0],
							"lerp_mode": "catmullrom"
						},
						"0.4833": {
							"post": [25, 0, 0],
							"lerp_mode": "catmullrom"
						},
						"0.6333": {
							"post": [0, 0, 0],
							"lerp_mode": "catmullrom"
						}
					}
				},
				"leftArm": {
					"rotation": {
						"0.0": {
							"post": [0, 0, 0],
							"lerp_mode": "catmullrom"
						}
					},
					"position": [0, 0, 0]
				},
				"leftLeg": {
					"rotation": {
						"0.0": {
							"post": [0, 0, 0],
							"lerp_mode": "catmullrom"
						},
						"0.1667": {
							"post": [17.5, 0, 0],
							"lerp_mode": "catmullrom"
						},
						"0.3167": {
							"post": [0, 0, 0],
							"lerp_mode": "catmullrom"
						},
						"0.4833": {
							"post": [-25, 0, 0],
							"lerp_mode": "catmullrom"
						},
						"0.6333": {
							"post": [0, 0, 0],
							"lerp_mode": "catmullrom"
						}
					}
				},
				"ra": {
					"rotation": {
						"0.0": [0, 0, 0],
						"0.1667": [-25, 0, 0],
						"0.3167": [0, 0, 0],
						"0.4833": [-50, 0, 0],
						"0.6333": [0, 0, 0]
					},
					"position": {
						"0.0": [0, 0, 0],
						"0.1667": [0, 1, 0],
						"0.3167": [0, 0, 0],
						"0.4833": [0, 1, 0],
						"0.6333": [0, 0, 0]
					}
				},
				"la": {
					"rotation": {
						"0.0": [0, 0, 0],
						"0.1667": [-50, 0, 0],
						"0.3167": [0, 0, 0],
						"0.4833": [-25, 0, 0],
						"0.6333": [0, 0, 0]
					},
					"position": {
						"0.0": [0, 0, 0],
						"0.1667": [0, 1, 1],
						"0.3167": [0, 0, 0],
						"0.4833": [0, 1, 0],
						"0.6333": [0, 0, 0]
					}
				},
				"rl": {
					"rotation": {
						"0.0": [0, 0, 0],
						"0.1667": [40, 0, 0],
						"0.3167": [0, 0, 0],
						"0.4833": [45, 0, 0],
						"0.6333": [0, 0, 0]
					},
					"position": {
						"0.0": [0, 0, 0],
						"0.1667": [0, 1, 0],
						"0.3167": [0, 0, 0],
						"0.4833": [0, 1, 0],
						"0.6333": [0, 0, 0]
					}
				},
				"ll": {
					"rotation": {
						"0.0": [0, 0, 0],
						"0.1667": [45, 0, 0],
						"0.3167": [0, 0, 0],
						"0.4833": [40, 0, 0],
						"0.6333": [0, 0, 0]
					},
					"position": {
						"0.0": [0, 0, 0],
						"0.1667": [0, 1, 0],
						"0.3167": [0, 0, 0],
						"0.4833": [0, 1, 0],
						"0.6333": [0, 0, 0]
					}
				},
				"all": {
					"position": {
						"0.0": [0, 0, 0],
						"0.1667": [0, -2, 0],
						"0.3167": [0, 0, 0],
						"0.4833": [0, -2, 0],
						"0.6333": [0, 0, 0]
					}
				},
				"between2": {
					"rotation": {
						"0.0": {
							"post": [0, 0, 0],
							"lerp_mode": "catmullrom"
						}
					}
				},
				"leftLeg2": {
					"rotation": {
						"0.0": {
							"post": [0, 0, 0],
							"lerp_mode": "catmullrom"
						},
						"0.15": {
							"post": [35, 0, 0],
							"lerp_mode": "catmullrom"
						},
						"0.3167": {
							"post": [0, 0, 0],
							"lerp_mode": "catmullrom"
						},
						"0.4833": {
							"post": [0, 0, 0],
							"lerp_mode": "catmullrom"
						},
						"0.6333": {
							"post": [0, 0, 0],
							"lerp_mode": "catmullrom"
						}
					}
				},
				"rightLeg2": {
					"rotation": {
						"0.0": {
							"post": [0, 0, 0],
							"lerp_mode": "catmullrom"
						},
						"0.15": {
							"post": [0, 0, 0],
							"lerp_mode": "catmullrom"
						},
						"0.3167": {
							"post": [0, 0, 0],
							"lerp_mode": "catmullrom"
						},
						"0.4833": {
							"post": [35, 0, 0],
							"lerp_mode": "catmullrom"
						},
						"0.6333": {
							"post": [0, 0, 0],
							"lerp_mode": "catmullrom"
						}
					}
				}
			}
		}
	}
}
