{
	"format_version": "1.8.0",
	"animations": {
		"animation.coin.spin": {
			"loop": true,
			"animation_length": 1,
			"bones": {
				"hexadecagon2": {
					"rotation": {
						"0.0": [0, 0, 0],
						"0.5": [0, -180, 0],
						"1.0": [0, -357.5, 0]
					},
					"position": {
						"0.0": [0, 0, 0],
						"0.125": [-4, 0, -8],
						"0.25": [0, 0, -16],
						"0.375": [8, 0, -19],
						"0.5": [16, 0, -16],
						"0.625": [19, 0, -8],
						"0.75": [16, 0, 0],
						"0.875": [8, 0, 3],
						"1.0": [0, 0, 0]
					}
				}
			}
		}
	}
}