{
	"format_version": "1.8.0",
	"animations": {
		"animation.evil_nun.walk": {
			"loop": true,
			"animation_length": 1,
			"bones": {
				"Kbody": {
					"rotation": {
						"0.0": [0, -10, 0],
						"0.5": [0, 10, 0],
						"1.0": [0, -10, 0]
					},
					"position": {
						"0.0": [1, -1, 0],
						"0.25": [0, 0, 0],
						"0.5": [-1, -1, 0],
						"0.75": [0, 0, 0],
						"1.0": [1, -1, 0]
					}
				},
				"RightArmUp": {
					"rotation": {
						"0.0": [-17.5, 0, 0],
						"0.5": [17.5, 0, 0],
						"1.0": [-17.5, 0, 0]
					},
					"position": {
						"0.0": [0, -1, 0],
						"0.5": [0, 0, 0],
						"1.0": [0, -1, 0]
					}
				},
				"RightArmDown": {
					"rotation": {
						"0.0": [-15, 0, 0],
						"0.5": [47.5, 0, 0],
						"1.0": [-15, 0, 0]
					},
					"position": {
						"0.0": [0, 0, 1],
						"0.5": [0, 1, -1],
						"1.0": [0, 0, 1]
					}
				},
				"LeftArmUp": {
					"rotation": {
						"0.0": [17.5, 0, 0],
						"0.5": [-17.5, 0, 0],
						"1.0": [17.5, 0, 0]
					},
					"position": {
						"0.0": [0, 0, 0],
						"0.5": [0, -1, 0],
						"1.0": [0, 0, 0]
					}
				},
				"LeftArmDown": {
					"rotation": {
						"0.0": [47.5, 0, 0],
						"0.5": [-15, 0, 0],
						"1.0": [47.5, 0, 0]
					},
					"position": {
						"0.0": [0, 1, -1],
						"0.5": [0, 0, 1],
						"1.0": [0, 1, -1]
					}
				},
				"RightLegUp": {
					"rotation": {
						"0.0": [-17.5, 0, 0],
						"0.5": [17.5, 0, 0],
						"1.0": [-17.5, 0, 0]
					},
					"position": {
						"0.0": [1, -1, 0],
						"0.25": [0, 0, 0],
						"0.5": [-1, 0, 0],
						"0.75": [0, 0, 0],
						"1.0": [1, -1, 0]
					}
				},
				"RightLegDown": {
					"rotation": {
						"0.0": [20, 0, 0],
						"0.0833": [5, 0, 0],
						"0.5": [5, 0, 0],
						"0.9167": [5, 0, 0],
						"1.0": [20, 0, 0]
					}
				},
				"LeftLegUp": {
					"rotation": {
						"0.0": [17.5, 0, 0],
						"0.5": [-17.5, 0, 0],
						"1.0": [17.5, 0, 0]
					},
					"position": {
						"0.0": [1, -1, 0],
						"0.25": [0, 0, 0],
						"0.5": [-1, -1, 0],
						"0.75": [0, 0, 0],
						"1.0": [1, -1, 0]
					}
				},
				"LeftLegDown": {
					"rotation": {
						"0.0": [5, 0, 0],
						"0.4167": [5, 0, 0],
						"0.5": [20, 0, 0],
						"0.5833": [5, 0, 0],
						"1.0": [5, 0, 0]
					}
				}
			}
		}
	}
}