{
  "format_version": "1.10.0",
  "minecraft:client_entity": {
    "description": {
      "identifier": "en:evil_nun",
      "materials": { 
	    "default": "zombie"
	  },
      "textures": {
        "default": "textures/entities/evil_nun"
      },
      "geometry": {
        "default": "geometry.evil_nun"
      },
      "animations": {
        "move": "animation.humanoid.move",
        "cooldown": "animation.evil_nun.attack",
        "idle": "animation.nun.look_at_target.default",
        "attack": "animation.evil_nun.attack"
      },
      "scripts": {
        "animate": [
          {"move": "query.variant == 0"},
          {"idle": "query.variant == 0"},
          {"cooldown": "query.variant == 1"},
          {"attack": "variable.attack==0"}
        ]
      },
      "render_controllers": [ "controller.render.default" ],
      "spawn_egg": {
        "texture": "nun",
        "texture_index": 1
      }
    }
  }
}