{
	"format_version": "1.8.0",
	"animations": {
		"animation.evil_nun.attack": {
			"loop": true,
			"animation_length": 3.4,
			"bones": {
				"torso": {
					"rotation": {
						"0.0": [0, 0, 0],
						"0.44": [-25, 0, 0],
						"0.68": [25, 0, 0]
					}
				},
				"arm1": {
					"rotation": {
						"0.0": [0, 0, 0],
						"0.6": [-172.5, 0, -30],
						"1.24": [-50, 25, 0]
					}
				},
				"hammer": {
					"rotation": {
						"0.0": [0, 0, 0],
						"0.6": [0, -15, -30],
						"1.24": [15, -27.5, -20]
					},
					"position": [0, -4, -15]
				},
				"arm2": {
					"rotation": {
						"0.0": [0, 0, 0],
						"0.6": [-175, 0, 20],
						"1.24": [-52.5, -37.5, 0]
					}
				}
			}
		}
	}
}