{
	"format_version": "1.12.0",
	"minecraft:geometry": [
		{
			"description": {
				"identifier": "geometry.is_rod",
				"texture_width": 64,
				"texture_height": 64,
				"visible_bounds_width": 4,
				"visible_bounds_height": 5.5,
				"visible_bounds_offset": [0, 1.25, 0]
			},
			"bones": [
				{
					"name": "Root",
					"pivot": [0, 0, 0]
				},
				{
					"name": "waist",
					"parent": "Root",
					"pivot": [0, 12, 0]
				},
				{
					"name": "body",
					"parent": "waist",
					"pivot": [0, 12, 0],
					"cubes": [
						{
							"origin": [-5, 32, -2],
							"size": [10, 1, 4],
							"uv": {
								"north": {"uv": [16, 5], "uv_size": [33, 22]},
								"east": {"uv": [16, 5], "uv_size": [33, 22]},
								"south": {"uv": [16, 5], "uv_size": [33, 22]},
								"west": {"uv": [16, 5], "uv_size": [33, 22]},
								"up": {"uv": [49, 27], "uv_size": [-33, -22]},
								"down": {"uv": [49, 27], "uv_size": [-33, -22]}
							}
						},
						{
							"origin": [-4, 16, -2],
							"size": [8, 16, 4],
							"uv": {
								"north": {"uv": [16, 5], "uv_size": [33, 22]},
								"east": {"uv": [16, 5], "uv_size": [33, 22]},
								"south": {"uv": [16, 5], "uv_size": [33, 22]},
								"west": {"uv": [16, 5], "uv_size": [33, 22]},
								"up": {"uv": [49, 27], "uv_size": [-33, -22]},
								"down": {"uv": [49, 27], "uv_size": [-33, -22]}
							}
						},
						{
							"origin": [-3, 16, -2.7],
							"size": [6, 16, 5.5],
							"uv": {
								"north": {"uv": [16, 5], "uv_size": [33, 22]},
								"east": {"uv": [16, 5], "uv_size": [33, 22]},
								"south": {"uv": [16, 5], "uv_size": [33, 22]},
								"west": {"uv": [16, 5], "uv_size": [33, 22]},
								"up": {"uv": [49, 27], "uv_size": [-33, -22]},
								"down": {"uv": [49, 27], "uv_size": [-33, -22]}
							}
						},
						{
							"origin": [-3, 16, -3.5],
							"size": [6, 13, 0.5],
							"uv": {
								"north": {"uv": [0, 33], "uv_size": [6, 16]},
								"east": {"uv": [0, 33], "uv_size": [6, 16]},
								"south": {"uv": [0, 33], "uv_size": [6, 16]},
								"west": {"uv": [0, 33], "uv_size": [6, 16]},
								"up": {"uv": [6, 49], "uv_size": [-6, -16]},
								"down": {"uv": [6, 49], "uv_size": [-6, -16]}
							}
						},
						{
							"origin": [0.5, 27, -4],
							"size": [2.5, 1.3, 0.5],
							"uv": {
								"north": {"uv": [23, 33], "uv_size": [11, 7]},
								"east": {"uv": [29, 39], "uv_size": [2.5, 1.3]},
								"south": {"uv": [29, 39], "uv_size": [2.5, 1.3]},
								"west": {"uv": [29, 39], "uv_size": [2.5, 1.3]},
								"up": {"uv": [31.5, 40.3], "uv_size": [-2.5, -1.3]},
								"down": {"uv": [31.5, 40.3], "uv_size": [-2.5, -1.3]}
							}
						},
						{
							"origin": [-3.7, 3.1, -3.5],
							"size": [7.4, 13, 0.5],
							"uv": {
								"north": {"uv": [0, 33], "uv_size": [6, 16]},
								"east": {"uv": [0, 33], "uv_size": [6, 16]},
								"south": {"uv": [0, 33], "uv_size": [6, 16]},
								"west": {"uv": [0, 33], "uv_size": [6, 16]},
								"up": {"uv": [6, 49], "uv_size": [-6, -16]},
								"down": {"uv": [6, 49], "uv_size": [-6, -16]}
							}
						},
						{
							"origin": [4.8, 15.5, -3.5],
							"size": [1, 6, 0.5],
							"pivot": [0, 0, 0],
							"rotation": [0, 0, -7.5],
							"uv": {
								"north": {"uv": [0, 33], "uv_size": [6, 16]},
								"east": {"uv": [0, 33], "uv_size": [6, 16]},
								"south": {"uv": [0, 33], "uv_size": [6, 16]},
								"west": {"uv": [0, 33], "uv_size": [6, 16]},
								"up": {"uv": [6, 49], "uv_size": [-6, -16]},
								"down": {"uv": [6, 49], "uv_size": [-6, -16]}
							}
						},
						{
							"origin": [-5.8, 15.5, -3.5],
							"size": [1, 6, 0.5],
							"pivot": [0, 0, 0],
							"rotation": [0, 0, 7.5],
							"uv": {
								"north": {"uv": [0, 33], "uv_size": [6, 16]},
								"east": {"uv": [0, 33], "uv_size": [6, 16]},
								"south": {"uv": [0, 33], "uv_size": [6, 16]},
								"west": {"uv": [0, 33], "uv_size": [6, 16]},
								"up": {"uv": [6, 49], "uv_size": [-6, -16]},
								"down": {"uv": [6, 49], "uv_size": [-6, -16]}
							}
						},
						{
							"origin": [-6.7, 28, -4.5],
							"size": [0.5, 3, 0.5],
							"pivot": [0, 0, 0],
							"rotation": [-2, 0, 7.5],
							"uv": {
								"north": {"uv": [0, 33], "uv_size": [6, 16]},
								"east": {"uv": [0, 33], "uv_size": [6, 16]},
								"south": {"uv": [0, 33], "uv_size": [6, 16]},
								"west": {"uv": [0, 33], "uv_size": [6, 16]},
								"up": {"uv": [6, 49], "uv_size": [-6, -16]},
								"down": {"uv": [6, 49], "uv_size": [-6, -16]}
							}
						},
						{
							"origin": [6.1, 28.05, -4.5],
							"size": [0.5, 3, 0.5],
							"pivot": [0, 0, 0],
							"rotation": [-2, 0, -7.5],
							"uv": {
								"north": {"uv": [0, 33], "uv_size": [6, 16]},
								"east": {"uv": [0, 33], "uv_size": [6, 16]},
								"south": {"uv": [0, 33], "uv_size": [6, 16]},
								"west": {"uv": [0, 33], "uv_size": [6, 16]},
								"up": {"uv": [6, 49], "uv_size": [-6, -16]},
								"down": {"uv": [6, 49], "uv_size": [-6, -16]}
							}
						}
					]
				},
				{
					"name": "head",
					"parent": "body",
					"pivot": [0, 24, 0],
					"cubes": [
						{
							"origin": [-1, 33, -3],
							"size": [2, 10, 6],
							"uv": {
								"north": {"uv": [56, 45], "uv_size": [8, 8]},
								"east": {"uv": [56, 45], "uv_size": [8, 8]},
								"south": {"uv": [56, 45], "uv_size": [8, 8]},
								"west": {"uv": [56, 45], "uv_size": [8, 8]},
								"up": {"uv": [64, 53], "uv_size": [-8, -8]},
								"down": {"uv": [64, 53], "uv_size": [-8, -8]}
							}
						},
						{
							"origin": [-2, 34, -3.5],
							"size": [4, 7, 1],
							"uv": {
								"north": {"uv": [44, 45], "uv_size": [4.7, 8]},
								"east": {"uv": [56, 45], "uv_size": [8, 8]},
								"south": {"uv": [56, 45], "uv_size": [8, 8]},
								"west": {"uv": [56, 45], "uv_size": [8, 8]},
								"up": {"uv": [64, 53], "uv_size": [-8, -8]},
								"down": {"uv": [64, 53], "uv_size": [-8, -8]}
							}
						},
						{
							"origin": [-3, 37.45, -3.5],
							"size": [1, 1, 1],
							"uv": {
								"north": {"uv": [43, 48], "uv_size": [1, 1]},
								"east": {"uv": [56, 45], "uv_size": [8, 8]},
								"south": {"uv": [56, 45], "uv_size": [8, 8]},
								"west": {"uv": [56, 45], "uv_size": [8, 8]},
								"up": {"uv": [64, 53], "uv_size": [-8, -8]},
								"down": {"uv": [64, 53], "uv_size": [-8, -8]}
							}
						},
						{
							"origin": [2, 37.45, -3.5],
							"size": [1, 1, 1],
							"uv": {
								"north": {"uv": [49, 48], "uv_size": [1, 1]},
								"east": {"uv": [56, 45], "uv_size": [8, 8]},
								"south": {"uv": [56, 45], "uv_size": [8, 8]},
								"west": {"uv": [56, 45], "uv_size": [8, 8]},
								"up": {"uv": [64, 53], "uv_size": [-8, -8]},
								"down": {"uv": [64, 53], "uv_size": [-8, -8]}
							}
						},
						{
							"origin": [-0.8, 31.5, -4],
							"size": [1.5, 1.5, 1],
							"uv": {
								"north": {"uv": [50, 54], "uv_size": [8, 8]},
								"east": {"uv": [50, 54], "uv_size": [8, 8]},
								"south": {"uv": [50, 54], "uv_size": [8, 8]},
								"west": {"uv": [50, 54], "uv_size": [8, 8]},
								"up": {"uv": [58, 62], "uv_size": [-8, -8]},
								"down": {"uv": [58, 62], "uv_size": [-8, -8]}
							}
						},
						{
							"origin": [-13.85, 28.73, -4],
							"size": [2.5, 1.5, 1],
							"pivot": [0, 0, 0],
							"rotation": [0, 0, 25],
							"uv": {
								"north": {"uv": [50, 54], "uv_size": [8, 8]},
								"east": {"uv": [50, 54], "uv_size": [8, 8]},
								"south": {"uv": [50, 54], "uv_size": [8, 8]},
								"west": {"uv": [50, 54], "uv_size": [8, 8]},
								"up": {"uv": [58, 62], "uv_size": [-8, -8]},
								"down": {"uv": [58, 62], "uv_size": [-8, -8]}
							}
						},
						{
							"origin": [-16, 28.21, -4],
							"size": [2.5, 1.5, 1],
							"pivot": [0, 0, 0],
							"rotation": [0, 0, 25],
							"uv": {
								"north": {"uv": [50, 54], "uv_size": [8, 8]},
								"east": {"uv": [50, 54], "uv_size": [8, 8]},
								"south": {"uv": [50, 54], "uv_size": [8, 8]},
								"west": {"uv": [50, 54], "uv_size": [8, 8]},
								"up": {"uv": [58, 62], "uv_size": [-8, -8]},
								"down": {"uv": [58, 62], "uv_size": [-8, -8]}
							}
						},
						{
							"origin": [11.3, 28.79, -4],
							"size": [2.5, 1.5, 1],
							"pivot": [0, 0, 0],
							"rotation": [0, 0, -25],
							"uv": {
								"north": {"uv": [50, 54], "uv_size": [8, 8]},
								"east": {"uv": [50, 54], "uv_size": [8, 8]},
								"south": {"uv": [50, 54], "uv_size": [8, 8]},
								"west": {"uv": [50, 54], "uv_size": [8, 8]},
								"up": {"uv": [58, 62], "uv_size": [-8, -8]},
								"down": {"uv": [58, 62], "uv_size": [-8, -8]}
							}
						},
						{
							"origin": [13.33, 28.1, -4],
							"size": [2.5, 1.5, 1],
							"pivot": [0, 0, 0],
							"rotation": [0, 0, -25],
							"uv": {
								"north": {"uv": [50, 54], "uv_size": [8, 8]},
								"east": {"uv": [50, 54], "uv_size": [8, 8]},
								"south": {"uv": [50, 54], "uv_size": [8, 8]},
								"west": {"uv": [50, 54], "uv_size": [8, 8]},
								"up": {"uv": [58, 62], "uv_size": [-8, -8]},
								"down": {"uv": [58, 62], "uv_size": [-8, -8]}
							}
						},
						{
							"origin": [-1, 42.8, -3],
							"size": [2, 1, 6],
							"uv": {
								"north": {"uv": [56, 45], "uv_size": [8, 8]},
								"east": {"uv": [56, 45], "uv_size": [8, 8]},
								"south": {"uv": [56, 45], "uv_size": [8, 8]},
								"west": {"uv": [56, 45], "uv_size": [8, 8]},
								"up": {"uv": [64, 53], "uv_size": [-8, -8]},
								"down": {"uv": [64, 53], "uv_size": [-8, -8]}
							}
						},
						{
							"origin": [-24, 24.6, -3],
							"size": [2, 7, 6],
							"pivot": [0, 0, 0],
							"rotation": [0, 0, 40],
							"uv": {
								"north": {"uv": [56, 45], "uv_size": [8, 8]},
								"east": {"uv": [56, 45], "uv_size": [8, 8]},
								"south": {"uv": [56, 45], "uv_size": [8, 8]},
								"west": {"uv": [56, 45], "uv_size": [8, 8]},
								"up": {"uv": [64, 53], "uv_size": [-8, -8]},
								"down": {"uv": [64, 53], "uv_size": [-8, -8]}
							}
						},
						{
							"origin": [-35.1, 9.29, -3],
							"size": [2, 6, 6],
							"pivot": [0, 0, 0],
							"rotation": [0, 0, 70],
							"uv": {
								"north": {"uv": [56, 45], "uv_size": [8, 8]},
								"east": {"uv": [56, 45], "uv_size": [8, 8]},
								"south": {"uv": [56, 45], "uv_size": [8, 8]},
								"west": {"uv": [56, 45], "uv_size": [8, 8]},
								"up": {"uv": [64, 53], "uv_size": [-8, -8]},
								"down": {"uv": [64, 53], "uv_size": [-8, -8]}
							}
						},
						{
							"origin": [-40.2, 3.04, -3],
							"size": [4, 6, 6],
							"pivot": [0, 0, 0],
							"rotation": [0, 0, 80],
							"uv": {
								"north": {"uv": [56, 45], "uv_size": [8, 8]},
								"east": {"uv": [56, 45], "uv_size": [8, 8]},
								"south": {"uv": [56, 45], "uv_size": [8, 8]},
								"west": {"uv": [56, 45], "uv_size": [8, 8]},
								"up": {"uv": [64, 53], "uv_size": [-8, -8]},
								"down": {"uv": [64, 53], "uv_size": [-8, -8]}
							}
						},
						{
							"origin": [36.1, 3.06, -3],
							"size": [4, 1, 6],
							"pivot": [0, 0, 0],
							"rotation": [0, 0, -80],
							"uv": {
								"north": {"uv": [56, 45], "uv_size": [8, 8]},
								"east": {"uv": [56, 45], "uv_size": [8, 8]},
								"south": {"uv": [56, 45], "uv_size": [8, 8]},
								"west": {"uv": [56, 45], "uv_size": [8, 8]},
								"up": {"uv": [64, 53], "uv_size": [-8, -8]},
								"down": {"uv": [64, 53], "uv_size": [-8, -8]}
							}
						},
						{
							"origin": [39.1, 4.06, -3],
							"size": [2, 1, 6],
							"pivot": [0, 0, 0],
							"rotation": [0, 0, -80],
							"uv": {
								"north": {"uv": [56, 45], "uv_size": [8, 8]},
								"east": {"uv": [56, 45], "uv_size": [8, 8]},
								"south": {"uv": [56, 45], "uv_size": [8, 8]},
								"west": {"uv": [56, 45], "uv_size": [8, 8]},
								"up": {"uv": [64, 53], "uv_size": [-8, -8]},
								"down": {"uv": [64, 53], "uv_size": [-8, -8]}
							}
						},
						{
							"origin": [40.1, 5.06, -3],
							"size": [2, 1, 6],
							"pivot": [0, 0, 0],
							"rotation": [0, 0, -80],
							"uv": {
								"north": {"uv": [56, 45], "uv_size": [8, 8]},
								"east": {"uv": [56, 45], "uv_size": [8, 8]},
								"south": {"uv": [56, 45], "uv_size": [8, 8]},
								"west": {"uv": [56, 45], "uv_size": [8, 8]},
								"up": {"uv": [64, 53], "uv_size": [-8, -8]},
								"down": {"uv": [64, 53], "uv_size": [-8, -8]}
							}
						},
						{
							"origin": [40.25, 6.06, -3],
							"size": [3, 1, 6],
							"pivot": [0, 0, 0],
							"rotation": [0, 0, -80],
							"uv": {
								"north": {"uv": [56, 45], "uv_size": [8, 8]},
								"east": {"uv": [56, 45], "uv_size": [8, 8]},
								"south": {"uv": [56, 45], "uv_size": [8, 8]},
								"west": {"uv": [56, 45], "uv_size": [8, 8]},
								"up": {"uv": [64, 53], "uv_size": [-8, -8]},
								"down": {"uv": [64, 53], "uv_size": [-8, -8]}
							}
						},
						{
							"origin": [22, 24.6, -3],
							"size": [2, 7, 6],
							"pivot": [0, 0, 0],
							"rotation": [0, 0, -40],
							"uv": {
								"north": {"uv": [56, 45], "uv_size": [8, 8]},
								"east": {"uv": [56, 45], "uv_size": [8, 8]},
								"south": {"uv": [56, 45], "uv_size": [8, 8]},
								"west": {"uv": [56, 45], "uv_size": [8, 8]},
								"up": {"uv": [64, 53], "uv_size": [-8, -8]},
								"down": {"uv": [64, 53], "uv_size": [-8, -8]}
							}
						},
						{
							"origin": [24.35, 27.24, -3],
							"size": [3, 7, 6],
							"pivot": [0, 0, 0],
							"rotation": [0, 0, -40],
							"uv": {
								"north": {"uv": [56, 45], "uv_size": [8, 8]},
								"east": {"uv": [56, 45], "uv_size": [8, 8]},
								"south": {"uv": [56, 45], "uv_size": [8, 8]},
								"west": {"uv": [56, 45], "uv_size": [8, 8]},
								"up": {"uv": [64, 53], "uv_size": [-8, -8]},
								"down": {"uv": [64, 53], "uv_size": [-8, -8]}
							}
						},
						{
							"origin": [24.5, 34.24, -2],
							"size": [2, 1, 4],
							"pivot": [0, 0, 0],
							"rotation": [0, 0, -40],
							"uv": {
								"north": {"uv": [51, 38], "uv_size": [4, 4]},
								"east": {"uv": [51, 38], "uv_size": [4, 4]},
								"south": {"uv": [51, 38], "uv_size": [4, 4]},
								"west": {"uv": [51, 38], "uv_size": [4, 4]},
								"up": {"uv": [55, 42], "uv_size": [-4, -4]},
								"down": {"uv": [55, 42], "uv_size": [-4, -4]}
							}
						},
						{
							"origin": [24.25, 35.24, -2],
							"size": [2.5, 0.5, 4],
							"pivot": [0, 0, 0],
							"rotation": [0, 0, -40],
							"uv": {
								"north": {"uv": [51, 38], "uv_size": [4, 4]},
								"east": {"uv": [51, 38], "uv_size": [4, 4]},
								"south": {"uv": [51, 38], "uv_size": [4, 4]},
								"west": {"uv": [51, 38], "uv_size": [4, 4]},
								"up": {"uv": [55, 42], "uv_size": [-4, -4]},
								"down": {"uv": [55, 42], "uv_size": [-4, -4]}
							}
						},
						{
							"origin": [33, 9.31, -3],
							"size": [2, 6, 6],
							"pivot": [0, 0, 0],
							"rotation": [0, 0, -70],
							"uv": {
								"north": {"uv": [56, 45], "uv_size": [8, 8]},
								"east": {"uv": [56, 45], "uv_size": [8, 8]},
								"south": {"uv": [56, 45], "uv_size": [8, 8]},
								"west": {"uv": [56, 45], "uv_size": [8, 8]},
								"up": {"uv": [64, 53], "uv_size": [-8, -8]},
								"down": {"uv": [64, 53], "uv_size": [-8, -8]}
							}
						},
						{
							"origin": [36.3, 10.45, -3],
							"size": [2, 7, 6],
							"pivot": [0, 0, 0],
							"rotation": [0, 0, -70],
							"uv": {
								"north": {"uv": [56, 45], "uv_size": [8, 8]},
								"east": {"uv": [56, 45], "uv_size": [8, 8]},
								"south": {"uv": [56, 45], "uv_size": [8, 8]},
								"west": {"uv": [56, 45], "uv_size": [8, 8]},
								"up": {"uv": [64, 53], "uv_size": [-8, -8]},
								"down": {"uv": [64, 53], "uv_size": [-8, -8]}
							}
						}
					]
				},
				{
					"name": "hat",
					"parent": "head",
					"pivot": [0, 24, 0]
				},
				{
					"name": "jacket",
					"parent": "body",
					"pivot": [0, 12, 0]
				},
				{
					"name": "Rightarm",
					"parent": "body",
					"pivot": [-6, 22, 0]
				},
				{
					"name": "RightArmUp",
					"parent": "Rightarm",
					"pivot": [-6, 22, 0],
					"cubes": [
						{
							"origin": [-23, 18, -2],
							"size": [4, 6, 4],
							"pivot": [0, 0, 0],
							"rotation": [0, 0, 35],
							"uv": {
								"north": {"uv": [44, 20], "uv_size": [4, 6]},
								"east": {"uv": [40, 20], "uv_size": [4, 6]},
								"south": {"uv": [52, 20], "uv_size": [4, 6]},
								"west": {"uv": [48, 20], "uv_size": [4, 6]},
								"up": {"uv": [44, 16], "uv_size": [4, 4]},
								"down": {"uv": [4, 4], "uv_size": [-4, -4]}
							}
						},
						{
							"origin": [-13.05, 21, -1.65],
							"size": [3.3, 5, 3.3],
							"pivot": [0, 0, 0],
							"rotation": [0, 0, 10],
							"uv": {
								"north": {"uv": [44, 20], "uv_size": [4, 6]},
								"east": {"uv": [40, 20], "uv_size": [4, 6]},
								"south": {"uv": [52, 20], "uv_size": [4, 6]},
								"west": {"uv": [48, 20], "uv_size": [4, 6]},
								"up": {"uv": [44, 16], "uv_size": [4, 4]},
								"down": {"uv": [4, 4], "uv_size": [-4, -4]}
							}
						}
					]
				},
				{
					"name": "RightArmDown",
					"parent": "RightArmUp",
					"pivot": [-6, 18, 2],
					"cubes": [
						{
							"origin": [-9.15, 19, -1.7],
							"size": [3.3, 4, 3.3],
							"uv": {
								"north": {"uv": [28, 58], "uv_size": [3.3, 6]},
								"east": {"uv": [28, 58], "uv_size": [3.3, 6]},
								"south": {"uv": [28, 58], "uv_size": [3.3, 6]},
								"west": {"uv": [28, 58], "uv_size": [3.3, 6]},
								"up": {"uv": [31.3, 64], "uv_size": [-3.3, -6]},
								"down": {"uv": [31.3, 64], "uv_size": [-3.3, -6]}
							}
						},
						{
							"origin": [-7.35, 17, -1.7],
							"size": [1.5, 1, 2.5],
							"uv": {
								"north": {"uv": [52, 38], "uv_size": [3, 2]},
								"east": {"uv": [52, 38], "uv_size": [3, 2]},
								"south": {"uv": [52, 38], "uv_size": [3, 2]},
								"west": {"uv": [52, 38], "uv_size": [3, 2]},
								"up": {"uv": [55, 40], "uv_size": [-3, -2]},
								"down": {"uv": [55, 40], "uv_size": [-3, -2]}
							}
						},
						{
							"origin": [-9.15, 18, -1.7],
							"size": [3.3, 1, 3.3],
							"uv": {
								"north": {"uv": [52, 38], "uv_size": [3, 2]},
								"east": {"uv": [52, 38], "uv_size": [3, 2]},
								"south": {"uv": [52, 38], "uv_size": [3, 2]},
								"west": {"uv": [52, 38], "uv_size": [3, 2]},
								"up": {"uv": [55, 40], "uv_size": [-3, -2]},
								"down": {"uv": [55, 40], "uv_size": [-3, -2]}
							}
						},
						{
							"origin": [-9.15, 16, -1.7],
							"size": [1.3, 2, 3.3],
							"uv": {
								"north": {"uv": [52, 38], "uv_size": [3, 2]},
								"east": {"uv": [52, 38], "uv_size": [3, 2]},
								"south": {"uv": [52, 38], "uv_size": [3, 2]},
								"west": {"uv": [52, 38], "uv_size": [3, 2]},
								"up": {"uv": [55, 40], "uv_size": [-3, -2]},
								"down": {"uv": [55, 40], "uv_size": [-3, -2]}
							}
						},
						{
							"origin": [-9.15, 15, -1.7],
							"size": [2.3, 1, 3.3],
							"uv": {
								"north": {"uv": [52, 38], "uv_size": [3, 2]},
								"east": {"uv": [52, 38], "uv_size": [3, 2]},
								"south": {"uv": [52, 38], "uv_size": [3, 2]},
								"west": {"uv": [52, 38], "uv_size": [3, 2]},
								"up": {"uv": [55, 40], "uv_size": [-3, -2]},
								"down": {"uv": [55, 40], "uv_size": [-3, -2]}
							}
						}
					]
				},
				{
					"name": "RightItem",
					"parent": "RightArmDown",
					"pivot": [-6, 15, 1]
				},
				{
					"name": "Leftarm",
					"parent": "body",
					"pivot": [6, 22, 0]
				},
				{
					"name": "LeftArmUp",
					"parent": "Leftarm",
					"pivot": [6, 22, 0],
					"cubes": [
						{
							"origin": [19, 18, -2],
							"size": [4, 6, 4],
							"pivot": [0, 0, 0],
							"rotation": [0, 0, -35],
							"uv": {
								"north": {"uv": [30, 17], "uv_size": [4, 6]},
								"east": {"uv": [30, 17], "uv_size": [4, 6]},
								"south": {"uv": [30, 17], "uv_size": [4, 6]},
								"west": {"uv": [30, 17], "uv_size": [4, 6]},
								"up": {"uv": [34, 23], "uv_size": [-4, -6]},
								"down": {"uv": [34, 23], "uv_size": [-4, -6]}
							}
						},
						{
							"origin": [9.8, 21, -1.6],
							"size": [3.3, 5, 3.3],
							"pivot": [0, 0, 0],
							"rotation": [0, 0, -10],
							"uv": {
								"north": {"uv": [30, 17], "uv_size": [4, 6]},
								"east": {"uv": [30, 17], "uv_size": [4, 6]},
								"south": {"uv": [30, 17], "uv_size": [4, 6]},
								"west": {"uv": [30, 17], "uv_size": [4, 6]},
								"up": {"uv": [34, 23], "uv_size": [-4, -6]},
								"down": {"uv": [34, 23], "uv_size": [-4, -6]}
							}
						}
					]
				},
				{
					"name": "LeftArmDown",
					"parent": "LeftArmUp",
					"pivot": [6, 18, 2],
					"cubes": [
						{
							"origin": [5.8, 19, -1.7],
							"size": [3.5, 4, 3.5],
							"uv": {
								"north": {"uv": [31, 57], "uv_size": [3.5, 6]},
								"east": {"uv": [31, 57], "uv_size": [3.5, 6]},
								"south": {"uv": [31, 57], "uv_size": [3.5, 6]},
								"west": {"uv": [31, 57], "uv_size": [3.5, 6]},
								"up": {"uv": [34.5, 63], "uv_size": [-3.5, -6]},
								"down": {"uv": [34.5, 63], "uv_size": [-3.5, -6]}
							}
						},
						{
							"origin": [5.8, 18, -1.7],
							"size": [3.5, 1, 3.5],
							"uv": {
								"north": {"uv": [52, 40], "uv_size": [3.5, 1]},
								"east": {"uv": [52, 40], "uv_size": [3.5, 1]},
								"south": {"uv": [52, 40], "uv_size": [3.5, 1]},
								"west": {"uv": [52, 40], "uv_size": [3.5, 1]},
								"up": {"uv": [55.5, 41], "uv_size": [-3.5, -1]},
								"down": {"uv": [55.5, 41], "uv_size": [-3.5, -1]}
							}
						},
						{
							"origin": [5.8, 17, -1.7],
							"size": [1.5, 1, 2.5],
							"uv": {
								"north": {"uv": [52, 40], "uv_size": [3.5, 1]},
								"east": {"uv": [52, 40], "uv_size": [3.5, 1]},
								"south": {"uv": [52, 40], "uv_size": [3.5, 1]},
								"west": {"uv": [52, 40], "uv_size": [3.5, 1]},
								"up": {"uv": [55.5, 41], "uv_size": [-3.5, -1]},
								"down": {"uv": [55.5, 41], "uv_size": [-3.5, -1]}
							}
						},
						{
							"origin": [7.8, 16, -1.7],
							"size": [1.5, 2, 3.5],
							"uv": {
								"north": {"uv": [52, 40], "uv_size": [3.5, 1]},
								"east": {"uv": [52, 40], "uv_size": [3.5, 1]},
								"south": {"uv": [52, 40], "uv_size": [3.5, 1]},
								"west": {"uv": [52, 40], "uv_size": [3.5, 1]},
								"up": {"uv": [55.5, 41], "uv_size": [-3.5, -1]},
								"down": {"uv": [55.5, 41], "uv_size": [-3.5, -1]}
							}
						},
						{
							"origin": [6.8, 15, -1.7],
							"size": [2.5, 1, 3.5],
							"uv": {
								"north": {"uv": [52, 40], "uv_size": [3.5, 1]},
								"east": {"uv": [52, 40], "uv_size": [3.5, 1]},
								"south": {"uv": [52, 40], "uv_size": [3.5, 1]},
								"west": {"uv": [52, 40], "uv_size": [3.5, 1]},
								"up": {"uv": [55.5, 41], "uv_size": [-3.5, -1]},
								"down": {"uv": [55.5, 41], "uv_size": [-3.5, -1]}
							}
						}
					]
				},
				{
					"name": "LeftItem",
					"parent": "LeftArmDown",
					"pivot": [6, 15, 1]
				},
				{
					"name": "Legs",
					"parent": "Root",
					"pivot": [0, 12, 0]
				},
				{
					"name": "Rightleg",
					"parent": "Legs",
					"pivot": [-1.9, 12, 0]
				},
				{
					"name": "RightLegUp",
					"parent": "Rightleg",
					"pivot": [-1.9, 12, 0],
					"cubes": [
						{
							"origin": [-3.9, 9, -2],
							"size": [4, 7, 4],
							"uv": {
								"north": {"uv": [18, 17], "uv_size": [4, 8]},
								"east": {"uv": [18, 17], "uv_size": [4, 8]},
								"south": {"uv": [18, 17], "uv_size": [4, 8]},
								"west": {"uv": [18, 17], "uv_size": [4, 8]},
								"up": {"uv": [22, 25], "uv_size": [-4, -8]},
								"down": {"uv": [22, 25], "uv_size": [-4, -8]}
							}
						}
					]
				},
				{
					"name": "RightLegDown",
					"parent": "RightLegUp",
					"pivot": [-1.9, 6, -2],
					"cubes": [
						{
							"origin": [-3.6, 2, -1.65],
							"size": [3.3, 7, 3.3],
							"uv": {
								"north": {"uv": [24, 12], "uv_size": [4, 8]},
								"east": {"uv": [24, 12], "uv_size": [4, 8]},
								"south": {"uv": [24, 12], "uv_size": [4, 8]},
								"west": {"uv": [24, 12], "uv_size": [4, 8]},
								"up": {"uv": [28, 20], "uv_size": [-4, -8]},
								"down": {"uv": [28, 20], "uv_size": [-4, -8]}
							}
						},
						{
							"origin": [-3.6, 0, -3.65],
							"size": [3.3, 2, 5.3],
							"uv": {
								"north": {"uv": [0, 54], "uv_size": [3.3, 2]},
								"east": {"uv": [0, 54], "uv_size": [3.3, 2]},
								"south": {"uv": [0, 54], "uv_size": [3.3, 2]},
								"west": {"uv": [0, 54], "uv_size": [3.3, 2]},
								"up": {"uv": [3.3, 56], "uv_size": [-3.3, -2]},
								"down": {"uv": [3.3, 56], "uv_size": [-3.3, -2]}
							}
						}
					]
				},
				{
					"name": "Leftleg",
					"parent": "Legs",
					"pivot": [2, 12, 0]
				},
				{
					"name": "LeftLegUp",
					"parent": "Leftleg",
					"pivot": [1.9, 12, 0],
					"cubes": [
						{
							"origin": [-0.1, 9, -2],
							"size": [4, 7, 4],
							"uv": {
								"north": {"uv": [30, 13], "uv_size": [4, 8]},
								"east": {"uv": [30, 13], "uv_size": [4, 8]},
								"south": {"uv": [30, 13], "uv_size": [4, 8]},
								"west": {"uv": [30, 13], "uv_size": [4, 8]},
								"up": {"uv": [34, 21], "uv_size": [-4, -8]},
								"down": {"uv": [34, 21], "uv_size": [-4, -8]}
							}
						}
					]
				},
				{
					"name": "LeftLegDown",
					"parent": "LeftLegUp",
					"pivot": [1.9, 6, -2],
					"cubes": [
						{
							"origin": [0.25, 2, -1.65],
							"size": [3.3, 7, 3.3],
							"uv": {
								"north": {"uv": [24, 11], "uv_size": [4, 8]},
								"east": {"uv": [24, 11], "uv_size": [4, 8]},
								"south": {"uv": [24, 11], "uv_size": [4, 8]},
								"west": {"uv": [24, 11], "uv_size": [4, 8]},
								"up": {"uv": [28, 19], "uv_size": [-4, -8]},
								"down": {"uv": [28, 19], "uv_size": [-4, -8]}
							}
						},
						{
							"origin": [0.25, 0, -3.65],
							"size": [3.3, 2, 5.3],
							"uv": {
								"north": {"uv": [0, 55], "uv_size": [3.3, 2]},
								"east": {"uv": [0, 55], "uv_size": [3.3, 2]},
								"south": {"uv": [0, 55], "uv_size": [3.3, 2]},
								"west": {"uv": [0, 55], "uv_size": [3.3, 2]},
								"up": {"uv": [3.3, 57], "uv_size": [-3.3, -2]},
								"down": {"uv": [3.3, 57], "uv_size": [-3.3, -2]}
							}
						}
					]
				}
			]
		}
	]
}
