{
    "format_version": "1.10.0",
    "minecraft:client_entity": {
        "description": {
            "identifier": "vl:en_evil_nun",
            "materials": {
                "default": "zombie"
            },
            "textures": {
                "default": "textures/entity/nuns"
            },
            "geometry": {
                "default": "geometry.en_evil_nun"
            },
            "animations": {
                "walk": "animation.en_evil_nun.walk",
                "cooldown": "animation.en_evil_nun.attack",
                "move": "controller.animation.vincelouis.move"
            },
            "scripts": {
                "animate": [
                              {"cooldown": "query.variant == 1"},
                    "move"
                ],
                "pre_animation": [
                    "variable.attack = Math.sin(variable.attack_time * 30.0);"
                ]
            },
            "render_controllers": [
                "controller.render.default"
            ],
			"spawn_egg": {
        "texture": "evil_nun_spawn_egg",
        "texture_index": 0
            }
        }
    }
}
