{
    "format_version": "1.10.0",
    "animation_controllers": {
        "controller.animation.is_rod": {
            "states": {
                "move": {
                    "transitions": [
                        {
                            "attack": "variable.attack_time"
                        }
                    ],
                    "on_entry": [
                        "/"
                    ]
                },
                "attack": {
                    "transitions": [
                        {
                            "move": "!variable.attack_time"
                        }
                    ],
                    "on_entry": [
                        "/effect @p[r=2] slowness 3 225 true", "/playsound rod_warning @p ~~~", "/particle vl:ice ~~~"
                    ]
                }
            }
        }
    }
}
