{
  "format_version": "1.8.0",
  "minecraft:entity": {
        "description": {
            "scripts": {
                "animate": [
                    "coin"
                ]
            },
            "animations": {
                "coin": "controller.animation.coin"
            },
      "identifier": "vl:coin",
      "is_spawnable": true,
      "is_summonable": true,
      "is_experimental": false
    },

    "components": {
            "minecraft:type_family": {
                "family": [
                    "coin"
                ]
            },
      "minecraft:collision_box": {
        "width": 1.0,
        "height": 2.0
      },
	  "minecraft:loot": {
                "table": ""
            },
      "minecraft:health": {
        "value": 1,
        "max": 1
            },
            "minecraft:pushable": {
                "is_pushable": false,
                "is_pushable_by_piston": true
      },
      "minecraft:physics": {
      }
    }
  }
}
