{
  "nun_move": {
      "category": "neutral",
    "sounds": [
      "sounds/nun/move"
    ]
  },
  "nun_attack": {
      "category": "neutral",
    "sounds": [
      "sounds/nun/attack"
    ]
  },
  "menu": {
      "category": "neutral",
    "sounds": [
      "sounds/mainmenu"
    ]
  },
  "winner": {
      "category": "neutral",
    "sounds": [
      "sounds/winner"
    ]
  },
  "tuntun": {
      "category": "neutral",
    "sounds": [
      "sounds/tuntun"
    ]
  },
  "bg": {
      "category": "neutral",
    "sounds": [
      "sounds/bg"
    ]
  },
  "sunflower_hit": {
      "category": "neutral",
    "sounds": [
      "sounds/sunflower_hit"
    ]
  },
  "sunflower_idle": {
      "category": "neutral",
    "sounds": [
      "sounds/sunflower_idle"
    ]
  },
  "chomper_pain": {
      "category": "neutral",
    "sounds": [
      "sounds/chomper_pain"
    ]
  },
  "chomper_spawn": {
      "category": "neutral",
    "sounds": [
      "sounds/chomper_spawn"
    ]
  }
}