﻿{
  "VinceLouis_UI": {
    "type": "label",
    "text": "   §lEvil Nun Maze Addon by Vince Louis",
    "shadow": true,
    "font_size": "small",
    "anchor_from": "top_right",
    "anchor_to": "top_right"
  },
    "VincLouis_UI1": {
    "type": "label",
    "text": "§4§lThankYou",
    "shadow": true,
    "font_size": "middle",
    "offset": [0,10],
    "anchor_from": "top_left",
    "anchor_to": "top_left"
  },
  "content_panel": {
    "type": "panel",
    "controls": [
      { 
        "VinceLouis_UI@debug_screen.VinceLouis_UI": {} 
      },
      { 
        "VinceLouis_UI1@debug_screen.VinceLouis_UI1": {} 
      }
    ]
  }
}
