{
    "entity_sounds": {
        "entities": {
            "vl:evil_nun": {
                "volume": 1,
                "pitch": [
                    1,
                    1
                ],
                "events": {
                    "ambient": "en",
                    "attack": "attack",
                    "hurt": "hurt",
                    "death": "hurt",
                    "step": {
                        "sound": "move",
                        "volume": 1,
                        "pitch": 1
                        }
                    }
                },
                "vl:coin": {
                    "volume": 1,
                    "pitch": [
                        1,
                        1
                    ],
                    "events": {
                        "hurt": "coin",
                        "death": "coin"
                             }
                          }
                      }
                  }
              }
          }
      }
   }
}
