{
    "format_version": "1.10.0",
    "animation_controllers": {
        "controller.animation.coin": {
      "states": {
        "default": {
          "transitions": [
            {
              "skeleton": "(1.0)"
            }
          ],
          "on_entry": [
            "/function coin"
          ]
        },
        "skeleton": {
          "transitions": [
            {
              "default": "(1.0)"
            }
          ],
          "on_entry": [
            "/function coin"
                    ]
                }
            }
        }
    }
}
